titre_publication,date_publication,lien_publication,id_organisme_publication,nom_officiel_organisme,soustitre_publication,collection_publication,id_publication
"Vivre vieux, vivre mieux : que dit l’espérance de vie sans incapacité ?",2024-12-31,https://blog.insee.fr/que-dit-l-esperance-de-vie-sans-incapacite/,insee_blog,Blog de l'Insee,"L’espérance de vie sans incapacité (EVSI) s’est imposée comme un indicateur de référence dans le débat public, pour évaluer le nombre d’années qu’une personne peut compter vivre sans souffrir d’incapacité dans les activités du quotidien. Son calcul s’appuie sur la…",,insee_blog_113
Combien gagne un agriculteur ?,2024-12-12,https://blog.insee.fr/combien-gagne-un-agriculteur/,insee_blog,Blog de l'Insee,"La question des revenus des agriculteurs est au cœur des discussions actuelles sur l’agriculture. Plusieurs réponses peuvent être apportées pour éclaircir cette question, selon l’angle auquel on s’intéresse. Si c’est celui de la capacité de l’agriculture, en tant qu’activité économique, à…",,insee_blog_112
Comment mesurer l’« inestimable » production de l’Insee ?,2024-12-02,https://blog.insee.fr/comment-mesurer-l-inestimable-production-de-l-insee/,insee_blog,Blog de l'Insee,"Introduction de Jean-Luc Tavernier, directeur général de l’Insee Depuis le début du siècle, les effectifs de l’Insee ont fortement et continûment diminué (d’environ un quart depuis 2006 à périmètre d’activité constant) comme le budget qui lui est alloué (de près…",,insee_blog_111
Pensez-vous avoir été victime de discrimination ? Ce que vous en dites dans les enquêtes de la statistique publique,2024-11-21,https://blog.insee.fr/statistiques-publiques-sur-les-discriminations/,insee_blog,Blog de l'Insee,"Dans les enquêtes de la statistique publique, les questions posées aux personnes sur les discriminations font en général appel à une forme de subjectivité : plutôt que de leur demander directement si elles ont été victimes de discrimination, on les interroge…",,insee_blog_110
"Croissance, soutenabilité climatique, redistribution : qu’apprend-on des « comptes augmentés » ?",2024-11-05,https://blog.insee.fr/qu-apprend-on-des-comptes-augmentes/,insee_blog,Blog de l'Insee,"L’Insee publie ce jour les premiers comptes nationaux augmentés. Cette innovation vise à appréhender d’un même tenant l’activité économique, ses conséquences pour le dérèglement climatique, et la répartition des revenus des ménages. La démarche est double. D’abord, il s’agit de…",,insee_blog_109
Qui a confiance dans les chiffres de l’Insee ?,2024-10-22,https://blog.insee.fr/qui-a-confiance-dans-les-chiffres-de-l-insee/,insee_blog,Blog de l'Insee,"L’Insee conduit régulièrement des baromètres auprès de différents publics, afin de mesurer sa notoriété et son image d’une part, la satisfaction des utilisateurs de ses données d’autre part. Pour plus de 8 répondants sur 10 en 2023, l’institut inspire confiance…",,insee_blog_108
Peut-on mesurer le ressenti des phénomènes économiques et sociaux ?,2024-10-07,https://blog.insee.fr/peut-on-mesurer-le-ressenti-eco-et-socio/,insee_blog,Blog de l'Insee,Il est beaucoup reproché aux statisticiens de se focaliser sur des agrégats comptables ou des indicateurs désincarnés et de ne pas rendre compte de la vraie vie des gens et de leur perception. S’il est vrai que le PIB ou l’indice des prix à la consommation…,,insee_blog_107
La fin des voitures thermiques : une perte de pouvoir d’achat pour les ménages ?,2024-09-20,https://blog.insee.fr/fin-des-voitures-thermiques-perte-pouvoir-d-achat/,insee_blog,Blog de l'Insee,La transition énergétique pour atteindre la neutralité carbone d’ici 2050 se traduit souvent par une hausse des coûts pour les entreprises ou pour les ménages. Est-ce que les indicateurs de prix de l’Insee permettent de bien rendre compte de cette hausse ?,,insee_blog_106
"Impacts économiques et sociaux des Jeux Olympiques et Paralympiques : à vos stats, prêts, partez !",2024-07-24,https://blog.insee.fr/impacts-economiques-et-sociaux-des-jo-et-jop/,insee_blog,Blog de l'Insee,"L’Insee et le service statistique ministériel en charge de la jeunesse et des sports se mobilisent pour évaluer les impacts sportifs, économiques, sociaux et environnementaux des Jeux Olympiques…",,insee_blog_105
À la recherche des gains de productivité perdus depuis la crise sanitaire,2024-07-19,https://blog.insee.fr/la-productivite-du-travail-fr-depuis-la-crise-sanitaire/,insee_blog,Blog de l'Insee,"La productivité apparente du travail en France, mesurée ici comme le rapport du PIB à l’emploi exprimé en personnes physiques, a reculé de 3,5 % entre 2019 et 2023 alors qu’elle progressait de +0,5 à +0,6 % en moyenne par an entre 2011…",,insee_blog_104
Quel est vraiment le poids de l’industrie en France et en Allemagne ?,2024-07-12,https://blog.insee.fr/combien-pese-l-industrie-en-france-et-en-allemagne/,insee_blog,Blog de l'Insee,"Le débat sur la place et le rôle de l’industrie dans l’économie est particulièrement vif en France. Il s’appuie très souvent sur la comparaison avec des pays voisins : selon les chiffres les plus couramment mobilisés, la part de l’industrie dans…",,insee_blog_103
Un Jackpot Olympique pour les locations de meublés de tourismeviales plateformes numériques ?,2024-06-14,https://blog.insee.fr/jo-les-locations-de-meubles-via-les-plateformes/,insee_blog,Blog de l'Insee,L’hébergement en meublés touristiques par l’intermédiaire des plateformes numériques connaît un développement spectaculaire. Celui-ci était difficilement mesurable par la statistique…,,insee_blog_102
"Grâce à l’Union européenne, davantage de données pour les décideurs publics",2024-05-24,https://blog.insee.fr/davantage-de-donnees-ue-pour-decideurs-publics/,insee_blog,Blog de l'Insee,"L’Insee publie des statistiques sur la France et, régulièrement, des analyses pour comparer l’économie et la société françaises aux autres pays européens. Mais qui publie les statistiques sur l’Europe ? Eurostat, l’institut statistique européen, qui est une dir…",,insee_blog_101
Utiliser les données bancaires pour disposer d’instantanés sur la situation financière des ménages,2024-05-15,https://blog.insee.fr/les-donnees-bancaires-eclairent-sur-les-menages/,insee_blog,Blog de l'Insee,"Depuis 2021, l’Insee a produit plusieurs études à partir d’échantillons anonymisés de clients de deux réseaux bancaires, La Banque Postale et le Crédit Mutuel Alliance Fédérale. Ces partenariats…",,insee_blog_100
Mesurer les enjeux du changement climatique dans les territoires,2024-05-03,https://blog.insee.fr/mesurer-les-enjeux-du-changement-climatique/,insee_blog,Blog de l'Insee,Les années 2022 et 2023 ont été les plus chaudes depuis le commencement de l’ère industrielle en France métropolitaine. L’évidence du dérèglement climatique se manifeste notamment dans des catastrophes naturelles localisées dans certains…,,insee_blog_99
Les enquêtes de conjoncture se valent-elles toutes ?,2024-04-24,https://blog.insee.fr/les-enquetes-de-conjoncture-se-valent-elles-toutes/,insee_blog,Blog de l'Insee,"Utilisées pour analyser la conjoncture et effectuer des prévisions économiques, les enquêtes de conjoncture auprès des entreprises sont harmonisées par la Commission européenne pour assurer la comparabilité entre pays. Pour la France, ce sont les enquêtes…",,insee_blog_98
"Population immigrée, entrées sur le territoire, titres de séjour… S’y retrouver dans les chiffres de l’immigration",2024-04-04,https://blog.insee.fr/s-y-retrouver-dans-les-chiffres-de-l-immigration/,insee_blog,Blog de l'Insee,"331 000 immigrés sont entrés en France en 2022 selon le recensement de la population, tandis que 319 000 premiers titres de séjour ont été…",,insee_blog_97
Le dynamisme démographique de la Guyane est-il sous-estimé ?,2024-03-15,https://blog.insee.fr/le-dynamisme-demographique-guyanais-est-il-ss-estime/,insee_blog,Blog de l'Insee,"La croissance de la population reste forte en Guyane sur la décennie écoulée. Elle est supérieure à celle des pays voisins et de tous les autres départements français après Mayotte, du fait de naissances nettement plus élevées que les décès. Elle est toutefois freinée par des départs de jeunes de plus en plus nombreux et d’entrées sur le territoire qui croissent moins fortement que les sorties.",,insee_blog_96
Faut-il s’attendre à une forte révision à la hausse de la croissance économique française depuis 2020 ?,2024-02-28,https://blog.insee.fr/la-croissance-economique-sera-t-elle-fortement-revue/,insee_blog,Blog de l'Insee,Des observateurs tels que l’OFCE estiment que le rebond de l’activité économique en France à la suite de la crise sanitaire pourrait être fortement sous-estimé et donc être révisé à la hausse de façon importante dans les campagnes annuelles de comptes économiques à venir. Ils avancent les raisons suivantes …,,insee_blog_95
Les petits délits n’échapperont plus aux poursuites statistiques,2024-02-09,https://blog.insee.fr/les-petits-delits-nechapperont-plus-aux-poursuites-statistiques/,insee_blog,Blog de l'Insee,"Aux ministères de l’Intérieur et de la Justice, la dématérialisation de toutes les pièces au dossier sera bientôt la norme pour toutes les affaires pénales : le déploiement progressif de ce qu’on appelle la « procédure pénale numérique », entamé en 2021, devrait…",,insee_blog_94
Le recensement annuel fête ses 20 ans !,2024-01-16,https://blog.insee.fr/le-recensement-annuel-fete-ses-20-ans/,insee_blog,Blog de l'Insee,"En France, le recensement de la population est devenu annuel en 2004, dans le but de fournir des informations sur la population chaque année au niveau de chaque territoire. La méthode adoptée il y a 20 ans permet en outre de…",,insee_blog_93
"Shrinkflation, « effet qualité », évolution de l’offre de produits : comment l’Insee mesure-t-il le juste prix ?",2023-12-15,https://blog.insee.fr/comment-l-insee-mesure-t-il-le-juste-prix/,insee_blog,Blog de l'Insee,"L’indice des prix à la consommation mesure l’inflation, c’est-à-dire l’évolution des prix des produits à caractéristiques constantes, autrement dit à qualité et quantité comparables. La shrinkflation, qui consiste à réduire la contenance de certains produits, et la cheapflation qui consiste…",,insee_blog_92
La consommation alimentaire diminue : oui mais de combien ?,2023-11-27,https://blog.insee.fr/la-consommation-alimentaire-diminue-mais-de-combien/,insee_blog,Blog de l'Insee,"Mesurer aussi précisément que possible la consommation alimentaire des ménages est primordial, particulièrement lorsqu’elle évolue de façon exceptionnelle. L’Insee réalise chaque mois et chaque trimestre une estimation de son évolution…",,insee_blog_91
Les grandes entreprises sous leur meilleur profil,2023-11-17,https://blog.insee.fr/les-grandes-entreprises-sous-leur-meilleur-profil/,insee_blog,Blog de l'Insee,"L’entreprise est une réalité économique multidimensionnelle qu’il faut définir et suivre statistiquement avec rigueur et clarté. Selon les problématiques à analyser, l’objet d’étude est différent. Il peut être pertinent de travailler au niveau des unités telles…",,insee_blog_90
"Dis-moi ce que tu consommes, je te donnerai ton empreinte carbone : un exercice crucial mais piégeux",2023-11-07,https://blog.insee.fr/consommation-vs-empreinte-carbone-calcul-piegeux/,insee_blog,Blog de l'Insee,L’urgence climatique requiert de réduire fortement les émissions mondiales de gaz à effet de serre. L’empreinte carbone d’un groupe de ménages renseigne sur les efforts que ce groupe devra fournir pour la transition écologique. Les écarts…,,insee_blog_89
Mesurer l’évolution des salaires à court terme : une palette d’indicateurs statistiques complémentaires,2023-10-06,https://blog.insee.fr/mesurer-l-evolution-des-salaires-a-court-terme/,insee_blog,Blog de l'Insee,"Pour éclairer le débat public sur les hausses de salaires au regard de l’inflation, et plus généralement les évolutions des salaires à court terme, la statistique publique produit plusieurs indicateurs trimestriels qui apportent des informations…",,insee_blog_88
Regarder la croissance sous l’angle du PIB ressenti rebat les hiérarchies économiques internationales,2023-09-29,https://blog.insee.fr/regarder-la-croissance-sous-l-angle-du-pib-ressenti/,insee_blog,Blog de l'Insee,"Mesurée par celle du PIB, la croissance économique n’entraîne pas nécessairement une amélioration économique perçue par la population et donc de ses conditions de vie. En effet, la répartition des fruits de la croissance peut être inégale et une même…",,insee_blog_87
En balade avec l’Insee sur l’échelle des salaires,2023-09-14,https://blog.insee.fr/en-balade-avec-l-insee-sur-l-echelle-des-salaires/,insee_blog,Blog de l'Insee,L’Insee vient de mettre à jour les données de son outil interactif sur les salaires. Un site pratique pour se comparer et faire un point objectif sur les métiers et leurs rémunérations. Petit tour d’horizon. L’Insee vient de mettre à jour les données …,,insee_blog_86
"Les appariements de données de la statistique publique : des analyses enrichies, un cadre juridique protecteur",2023-09-01,https://blog.insee.fr/appariements-de-donnees-de-la-statistique-publique/,insee_blog,Blog de l'Insee,"L’Insee, et plus largement le service statistique public, collecte des informations d’origines diverses, notamment par des enquêtes sur échantillons ou par la réutilisation à des fins statistiques de données administratives. Ces données…",,insee_blog_85
"Pour les statisticiens, avoir la moyenne ne suffit pas",2023-07-20,https://blog.insee.fr/pour-les-statisticiens-la-moyenne-ne-suffit-pas/,insee_blog,Blog de l'Insee,La moyenne est facile à calculer et à comprendre. Mais elle résume souvent mal l’information qu’elle doit représenter. C’est le cas par exemple pour les salaires : les plus hauts salaires augmentent la moyenne sans que la situation de la majorité…,,insee_blog_84
Les nouveaux flux de déménagements depuis la Covid : le recensement et les autres sources racontent-ils la même histoire ?,2023-07-10,https://blog.insee.fr/flux-de-demenagements-recensement-vs-autres-sources/,insee_blog,Blog de l'Insee,"Les recensements de la population permettent d’appréhender les mobilités résidentielles à un niveau territorial fin et de caractériser les personnes qui changent de résidence. En complément, des données alternatives fournissent une information fraîche…",,insee_blog_83
« A voté » : à chaque bureau de vote ses électeurs,2023-06-28,https://blog.insee.fr/a-vote-a-chaque-bureau-de-vote-ses-electeurs/,insee_blog,Blog de l'Insee,"Quel lien y a-t-il entre la sociologie des différents quartiers au sein d’une ville et leur vote ? Les résultats d’une élection sont analysés à différentes échelles géographiques, la plus fine étant habituellement celle de la commune…",,insee_blog_82
L’économie française de 2020 à 2022 : bilan macroéconomique de trois années tourmentées,2023-06-13,https://blog.insee.fr/france-bilan-macroeconomique-de-3-annees-tourmentees/,insee_blog,Blog de l'Insee,"L’économie française a subi plusieurs « chocs », en partie liés entre eux, de 2020 à 2022. Quelles en ont été les conséquences sur les revenus et la situation financière des différents agents économiques que sont les ménages, les sociétés et les administrations…",,insee_blog_81
Des statistiques pour accompagner la transition climatique,2023-05-25,https://blog.insee.fr/statistiques-pour-accompagner-transition-climatique/,insee_blog,Blog de l'Insee,La statistique publique a un rôle à jouer dans l’analyse et le suivi des enjeux de la transition climatique comme le souligne le récent rapport sur Les incidences économiques de l’action pour le climat. Disposer de statistiques adaptées et précises…,,insee_blog_80
Quels types de sources l’Insee utilise-t-il pour construire ses statistiques ?,2023-05-16,https://blog.insee.fr/quels-types-de-sources-l-insee-utilise-t-il/,insee_blog,Blog de l'Insee,"Pour pouvoir produire une statistique de qualité, encore faut-il savoir où chercher les informations ! Pour cela, les statisticiens de l’Insee utilisent une matière première riche et protéiforme, les données que les statisticiens vont puiser dans trois types de sources…",,insee_blog_79
Comment mesure-t-on le poids économique du tourisme en France ?,2023-04-28,https://blog.insee.fr/mesurer-le-poids-economique-du-tourisme-en-france/,insee_blog,Blog de l'Insee,"En 2021, le tourisme contribue à 3,0 % de la richesse créée par l’économie française, soit 75,7 milliards d’euros. C’était plus de 4 % avant la crise sanitaire. Pour mesurer ce produit intérieur brut (PIB) touristique, l’Insee applique les concepts et les méthodes recommandés au niveau international. Le calcul consiste à évaluer la valeur ajoutée par le tourisme dans chacun des secteurs d’activité.",,insee_blog_78
« Elle est pas fraîche ma statistique ? »,2023-04-21,https://blog.insee.fr/elle-est-pas-fraiche-ma-statistique/,insee_blog,Blog de l'Insee,"Les statisticiens ne prennent pas leur temps. Ils ont démontré pendant la crise sanitaire qu’ils savaient réagir et produire vite : en exploitant des données massives et à haute fréquence, en lançant en quelques semaines des enquêtes inédites, en adaptant leurs méthodes…",,insee_blog_77
« Augmenter » les comptes nationaux pour aller au-delà de la seule mesure de l’activité économique,2023-04-03,https://blog.insee.fr/augmenter-les-comptes-nationaux-pour-mesurer-plus/,insee_blog,Blog de l'Insee,"Le Système de comptabilité nationale (SCN) et son indicateur central, le PIB, disposent d’atouts majeurs (lire le billet associé Le PIB reste-t-il un indicateur pertinent ? publié simultanément). Le PIB présente cependant des limites inhérentes…",,insee_blog_76
Le PIB reste-t-il un indicateur pertinent ?,2023-04-03,https://blog.insee.fr/le-pib-reste-t-il-un-indicateur-pertinent/,insee_blog,Blog de l'Insee,"Le terme « PIB » est passé dans le langage courant, pour autant peu de gens savent précisément ce qu’il recouvre. Dans le monde économique et au-delà, les critiques ne manquent pas : le PIB mesurerait mal l’activité économique ; le PIB devrait mesurer autre chose.",,insee_blog_75
Évolution des inégalités entre les femmes et les hommes : faut-il se réjouir ou se désoler ?,2023-03-07,https://blog.insee.fr/evolution-inegalites-femmes-hommes/,insee_blog,Blog de l'Insee,"Niveau de diplôme, accès à l’emploi et aux postes de cadres, salaires et pensions de retraites, présence dans la vie politique, partage des temps domestique et parental : dans tous ces domaines, les inégalités entre les femmes et les hommes se réduisent lentement sur les décennies passées, ce dont on peut se réjouir. Mais dans ces mêmes domaines, il existe aussi des raisons d’être découragé…",,insee_blog_74
"Sur le terrain des tâches domestiques, l’homme est sur le banc des remplaçants",2023-02-14,https://blog.insee.fr/sur-les-taches-domestiques-l-homme-est-remplacant/,insee_blog,Blog de l'Insee,"La récente crise du Covid a révélé que les arrangements familiaux des couples peuvent être souples. La répartition des temps – travail, tâches ménagères et parentales – a fortement varié sous l’effet du contexte, conduisant à une implication bien plus…",,insee_blog_73
Un retour sur l’évolution récente de l’inflation,2023-01-27,https://blog.insee.fr/un-retour-sur-l-evolution-recente-de-l-inflation/,insee_blog,Blog de l'Insee,"La hausse des prix à la consommation en France a atteint 5,2 % en moyenne en 2022, du fait de la poussée des prix de l’énergie, de l’alimentation, et dans une moindre mesure des autres produits. Un tel niveau d’inflation n’avait…",,insee_blog_72
"À Mayotte, un recensement adapté à une population aux évolutions hors normes",2023-01-05,https://blog.insee.fr/mayotte-recensement-adapte-a-population-hors-norme/,insee_blog,Blog de l'Insee,"Au 1er janvier 2022, Mayotte compte 300 000 habitants. Ce chiffre est fondé sur le dernier recensement exhaustif mené en 2017, actualisé chaque année à partir des données d’état civil sur les naissances et les décès ainsi que par la prolongation de la tendance en matière de flux migratoires. ..",,insee_blog_71
Estimer la TVA non recouvrée à partir des contrôles fiscaux,2022-12-16,https://blog.insee.fr/estimer-la-tva-non-recouvree-a-partir-des-controles-fiscaux/,insee_blog,Blog de l'Insee,"Pour estimer le manque à gagner de l’État lié au non-recouvrement de la TVA, l’Insee s’est appuyé sur les redressements effectivement constatés lors des contrôles fiscaux. Or, les entreprises contrôlées ne sont pas représentatives de l’ensemble des entreprises : elles ont des caractéristiques qui ne permettent pas d’extrapoler directement leur comportement à toutes les entreprises.",,insee_blog_70
Covid-19 et mortalité : au-delà des chiffres de l’Insee,2022-11-08,https://blog.insee.fr/covid-19-et-mortalite-au-dela-des-chiffres-insee/,insee_blog,Blog de l'Insee,"Pour suivre la mortalité liée à la Covid-19, deux organismes produisent des données : l’Insee et l’Inserm. Le premier diffuse le nombre de décès « toutes causes confondues », qui permet, par écart à la tendance, d’estimer la surmortalité liée à la pandémie. L’Inserm établit les statistiques sur les causes de décès…",,insee_blog_69
"Ventiler le PIB national au niveau des régions, « façon puzzle »",2022-10-21,https://blog.insee.fr/ventiler-pib-national-au-niveau-regional/,insee_blog,Blog de l'Insee,"Calculer des produits intérieurs bruts (PIB) régionaux répond à une obligation européenne et à des attentes locales. Pour y parvenir, la valeur ajoutée nationale est ventilée entre régions en fonction des salaires versés dans les établissements…",,insee_blog_68
Quelle a été l’évolution de la pauvreté en 2020 ?,2022-10-14,https://blog.insee.fr/quelle-a-ete-levolution-de-la-pauvrete-en-2020/,insee_blog,Blog de l'Insee,"Pour estimer la pauvreté, l’Insee s’appuie habituellement sur l’enquête sur les revenus fiscaux et sociaux, ERFS. Exceptionnellement, pour 2020, l’Insee ne valide pas les résultats issus de cette enquête. Selon ERFS, la pauvreté aurait fortement baissé, tandis que les deux autres sources qui permettent de calculer le taux de pauvreté révèlent une stabilité ou quasi-stabilité de celui-ci…",,insee_blog_67
Six mois de présidence française du Conseil de l’Union européenne : les avancées dans le domaine statistique,2022-09-23,https://blog.insee.fr/avancees-statistiques-6-mois-presidence-fr-de-l-ue/,insee_blog,Blog de l'Insee,"Mieux mesurer l’usage des produits phytopharmaceutiques, les « pesticides », par les agriculteurs européens, préparer la mise en place des comptes des institutions européennes, permettre l’accès de la statistique publique à des données d’acteurs privés dans le cadre la révision de la loi statistique européenne : tels sont les trois principaux sujets qui ont occupé l’Insee pendant tout le premier semestre…",,insee_blog_66
Termes de l’échange et revenu intérieur réel : mesurer le pouvoir d’achat de la nation,2022-09-09,https://blog.insee.fr/termes-echange-revenu-interieur-et-pouvoir-d-achat/,insee_blog,Blog de l'Insee,"Aujourd’hui, en France, les prix des produits importés, notamment les produits énergétiques, augmentent bien davantage que les prix de nos exportations. De ce fait, les termes de l’échange, c’est-à-dire le rapport entre les prix des exportations et les prix des importations, diminuent…",,insee_blog_65
Ce que nous enseignent les déflateurs en comptabilité nationale,2022-09-02,https://blog.insee.fr/inflation-les-deflateurs-en-comptabilite-nationale/,insee_blog,Blog de l'Insee,"Pour mesurer les tensions inflationnistes dans l’économie, l’Insee collecte des prix à différents niveaux de la chaîne de valeur, depuis le stade de la production jusqu’à celui de la consommation, donnant ainsi naissance à plusieurs familles d’indices de prix…",,insee_blog_64
Il y a sondage et sondage…,2022-07-25,https://blog.insee.fr/il-y-a-sondage-et-sondage-2/,insee_blog,Blog de l'Insee,"Pour mener leurs enquêtes, les statisticiens publics procèdent par sondage. Mais leur pratique est bien différente de celle des très nombreuses enquêtes publiées quotidiennement, lesquelles interrogent en général de l’ordre du millier de personnes, sans toujours se soucier de la représentativité de ces personnes…",,insee_blog_63
Faut-il fixer un seuil de richesse ?,2022-07-01,https://blog.insee.fr/faut-il-fixer-un-seuil-de-richesse-2/,insee_blog,Blog de l'Insee,"L’Insee produit les données utiles à l’analyse des inégalités en France. Il publie régulièrement des études sur le sujet. Au niveau international, un seuil de pauvreté a été défini, naturellement associé à la politique publique de lutte contre la pauvreté. De l’autre côté du spectre, l’Insee réalise des travaux sur les 10 % les plus aisés de la population, voire les 1 %, 0,1 % et même 0,01 % lorsque les sources s’y prêtent.",,insee_blog_62
L’enjeu de la confrontation entre les  indicateurs sur l’état de l’environnement et les moyens financiers  publics et privés déployés pour le protéger,2022-06-24,https://blog.insee.fr/etat-de-l-environnement-vs-moyens-financiers/,insee_blog,Blog de l'Insee,De nombreux indicateurs permettent de suivre l’évolution des différents écosystèmes et les dépenses engagées pour protéger l’environnement. Mais comment juger de l’efficacité de ces dépenses ? Le Bilan environnemental de la France paru au printemps propose pour la première fois une confrontation entre l’évolution de l’état de l’environnement et les dépenses dans le domaine de la protection de la biodiversité et des paysages.,,insee_blog_61
La France est-elle LE pays de la reproduction des inégalités entre générations ?,2022-05-19,https://blog.insee.fr/reproduction-des-inegalites-entre-generations/,insee_blog,Blog de l'Insee,"Il est souvent affirmé que la reproduction des inégalités entre générations serait plus forte en France que dans les autres pays développés. En reliant pour la première fois le revenu des enfants à celui de leurs parents, l’Insee vient de publier une étude qui met pourtant en évidence de nombreux mouvements dans l’échelle des revenus d’une génération à l’autre. Alors, comment concilier ces résultats ?",,insee_blog_60
Hausse généralisée des prix à la production : signe avant-coureur de nouvelles tensions inflationnistes ?,2022-05-04,https://blog.insee.fr/hausse-prix-production-tensions-inflationnistes/,insee_blog,Blog de l'Insee,"Publiés chaque mois par l’Insee, les indices de prix à la production (IPP) mesurent les variations des prix en « sortie de ferme » ou en « sortie d’usine ». Les IPP constituent un indicateur important pour analyser la conjoncture économique en raison de leurs hausses marquées depuis plusieurs mois…",,insee_blog_59
Qui sont les travailleurs essentiels ? Un enjeu en temps de crise sanitaire mais aussi pour les politiques de logement,2022-03-17,https://blog.insee.fr/qui-sont-les-travailleurs-essentiels/,insee_blog,Blog de l'Insee,"Une infirmière qui ne peut pas se rendre à l’hôpital, un éboueur qui ne peut pas assurer sa tournée, un ouvrier de l’agro-alimentaire qui ne peut rejoindre son usine : la question des secteurs et des travailleurs qualifiés d’« essentiels » s’est imposée dans le débat public lors du premier confinement au printemps 2020…",,insee_blog_58
Indice des prix à la consommation vs indice des prix harmonisé au niveau européen : santé et énergie font la différence,2022-03-01,https://blog.insee.fr/ipc-vs-ipc-harmonise-sante-et-energie-comptent/,insee_blog,Blog de l'Insee,"Depuis sa création, l’Insee calcule l’indice des prix à la consommation (IPC) sur lequel se fonde la mesure de l’inflation. Dans les années 1990, en vue de l’intégration monétaire, les pays européens ont défini un indice harmonisé, à champ et concepts identiques pour tous les pays.",,insee_blog_57
Tout demandeur d’emploi n’est pas forcément chômeur,2022-02-18,https://blog.insee.fr/tout-demandeur-demploi-nest-pas-forcement-chomeur/,insee_blog,Blog de l'Insee,"Qu’est-ce que l’emploi ? Le chômage ? L’inactivité ? Comment définir chacune de ces notions afin de comparer leurs mesures entre les pays ? Pour répondre à ces questions, le Bureau international du travail, réunissant des experts du monde entier, a défini des concepts qui font référence au niveau international et qui permettent des mesures comparables dans le temps et entre pays.",,insee_blog_56
Tourisme : quand recherches Google et avis Airbnb viennent à la rescousse du statisticien,2022-01-28,https://blog.insee.fr/tourisme-recherchesgoogle-avisairbnb-et-statistiques/,insee_blog,Blog de l'Insee,"Capitale pour la France, l’activité touristique est portée à la fois par la clientèle nationale et la clientèle internationale. Cette activité s’est arrêtée net lors du premier confinement en mars 2020, puis a subi de fortes fluctuations au gré des restrictions de déplacement.",,insee_blog_55
"L’espérance de vie, un calcul certes fictif mais très utile",2022-01-18,https://blog.insee.fr/lesperance-de-vie-un-calcul-fictif-mais-tres-utile/,insee_blog,Blog de l'Insee,"L’Insee vient de publier son dernier bilan démographique. Chaque début d’année, l’institut dresse ainsi un panorama de l’évolution du nombre d’habitants résidant en France, ainsi que de la fécondité et de la mortalité de l’année qui vient de s’écouler…",,insee_blog_54
"Pour les statisticiens, l’Europe se vit au quotidien",2022-01-10,https://blog.insee.fr/pour-les-statisticiens-leurope-se-vit-au-quotidien/,insee_blog,Blog de l'Insee,"Au moment où la France prend la présidence du Conseil de l’Union européenne, l’Insee va présider aux destinées de la statistique européenne. Disposer de données harmonisées, fiables et rapides est de plus en plus nécessaire pour accompagner le marché unique, aider au pilotage des politiques publiques européennes mais aussi se comparer aux autres pays de l’Union…",,insee_blog_53
"Prix de l’énergie : carburants, gaz, électricité, un tiercé en hausse",2021-12-17,https://blog.insee.fr/prix-de-lenergie-carburants-gaz-electricite-un-tierce-en-hausse/,insee_blog,Blog de l'Insee,"Les carburants sont volatils et le gaz flambe. Ces caractéristiques servent autant à décrire ces combustibles que leurs prix. En 2008 et en 2018, les prix de l’énergie se sont envolés, dans les mêmes proportions qu’aujourd’hui. Puis ils se sont repliés, en juillet 2009 ou en mai 2020. Il reste que, sur le long terme, l’énergie coûte de plus en plus cher.",,insee_blog_52
L’entreprise : un concept économique plutôt qu’une définition juridique,2021-12-10,https://blog.insee.fr/lentreprise-un-concept-economique-plutot-quune-definition-juridique/,insee_blog,Blog de l'Insee,"L’Insee a publié mercredi 1er décembre l’édition 2021 de « Les entreprises en France », ouvrage statistique annuel de référence sur le tissu économique des entreprises en France. Un des principaux résultats de cette édition est que la situation financière des petites et moyennes entreprises s’est améliorée sur la période 2015-2019, en amont de la crise du Covid-19…",,insee_blog_51
Dans quelle mesure les administrations publiques contribuent-elles à la production nationale ?,2021-12-03,https://blog.insee.fr/dans-quelle-mesure-les-administrations-publiques-contribuent-elles-a-la-production-nationale/,insee_blog,Blog de l'Insee,Parmi les questions que soulève le poids des dépenses publiques dans l’économie (plus de 55 % du PIB en France en 2019) figure celle de la contribution qui est effectivement apportée par les administrations à la production annuelle de richesses…,,insee_blog_50
"Partir vivre à la campagne… Mais au fait, c’est où la campagne ?",2021-11-18,https://blog.insee.fr/https-blog-insee-fr-partir-vivre-a-la-campagne-mais-au-fait-cest-ou-la-campagne-ouvre-un-nouvel-onglet/,insee_blog,Blog de l'Insee,"Fin 2020, l’Insee a proposé une nouvelle définition du rural, qui rompt avec l’approche précédente centrée en premier lieu sur la ville. Cette nouvelle définition s’appuie sur une « grille de densité » qui tient compte du nombre d’habitants et de la concentration de ces habitants dans l’espace communal. Les communes peu denses et très peu denses au sens de cette grille sont dites rurales : en 2017, un tiers de la population vit dans une commune rurale en France, une proportion dans la médiane des pays européens.",,insee_blog_49
Le taux de pauvreté serait stable en 2020 : ce que dit cette première estimation et ce qu’elle ne dit pas,2021-11-03,https://blog.insee.fr/le-taux-de-pauvrete-serait-stable-en-2020-ce-que-dit-cette-premiere-estimation-et-ce-quelle-ne-dit-pas/,insee_blog,Blog de l'Insee,"L’Insee vient de faire paraître sa première estimation du taux de pauvreté pour 2020 : 14,6 % des personnes seraient en dessous du seuil de pauvreté en France. Ce taux est stable par rapport à 2019. Cette stabilité peut étonner si l’on se réfère au « million de pauvres supplémentaire » dont la presse s’est fait l’écho depuis un an.",,insee_blog_48
L’arithmétique de la crise : bien comprendre les chiffres de croissance en temps de Covid-19,2021-10-26,https://blog.insee.fr/larithmetique-de-la-crise-bien-comprendre-les-chiffres-de-croissance-en-temps-de-covid-19/,insee_blog,Blog de l'Insee,"Entre le printemps 2020 et l’été 2021, la crise du Covid-19 a entraîné de manière totalement exogène des mouvements économiques très soudains et d’une ampleur inouïe. Pour rendre compte au mieux de cette situation inédite, l’Insee a dû rapidement adapter ses méthodes de suivi conjoncturel.",,insee_blog_47
Combien de Français habitent à plus de 10 minutes en voiture d’une boulangerie ?,2021-10-06,https://blog.insee.fr/combien-de-francais-habitent-a-plus-de-10-minutes-en-voiture-dune-boulangerie-mieux-mesurer-les-temps-de-trajet-pour-mieux-comprendre-le-fonctionnement-des-territoires/,insee_blog,Blog de l'Insee,"En matière d’accès aux équipements ou à son travail, tous les habitants ne sont pas égaux. Pour comprendre ces inégalités et y apporter des réponses, il faut d’abord les mesurer, c’est-à-dire connaître la distance moyenne à parcourir et le temps nécessaire pour trouver une boulangerie, une école, une maternité, un emploi…",,insee_blog_46
50 ans d’immigration en 50 secondes chrono,2021-08-02,https://blog.insee.fr/50-ans-dimmigration-en-50-secondes-chrono/,insee_blog,Blog de l'Insee,"Depuis le 10 juin 2021, l’Insee met à la disposition de tous des séries longues et détaillées sur les populations immigrées et étrangères. Ces données, issues de plus de 50 années de recensements, sont composées des chiffres définitifs de 1968 à 2018 et des estimations pour 2019 et 2020. Cette note propose une exploration visuelle de l’histoire de l’immigration en France au cours des 50 dernières années à travers des animations de 50 secondes chrono.",,insee_blog_45
Crise sanitaire : des chocs de trésorerie (très) hétérogènes,2021-07-28,https://blog.insee.fr/crise-sanitaire-des-chocs-de-tresorerie-tres-heterogenes/,insee_blog,Blog de l'Insee,"Sans mesures de soutien, les chocs de trésorerie (à financement inchangé) subis par les entreprises françaises en 2020 auraient été plutôt négatifs mais surtout très hétérogènes, y compris au sein d’un même secteur d’activité. Les mesures de soutien ramènent la proportion des chocs négatifs (et positifs) à celle d’une année normale et en réduisent la dispersion, même si, aux deux extrémités, les chocs très importants sont moins rares qu’habituellement.",,insee_blog_44
Combien y aurait-il eu de décès en France sans l’épidémie de Covid-19 ?,2021-07-21,https://blog.insee.fr/combien-y-aurait-il-eu-de-deces-en-france-sans-lepidemie-de-covid-19/,insee_blog,Blog de l'Insee,"La population française augmente et vieillit. Mais les risques de décéder à un âge élevé reculent généralement chaque année. Le premier effet contribue à accroître le nombre de décès, le second à le faire reculer. Il faut tenir compte des deux lorsqu’on veut comparer les décès d’une année à ceux d’une période précédente, d’autant plus lorsque la comparaison porte sur des années éloignées.",,insee_blog_43
EpiCov : cinq questions sur une enquête inédite à propos de la crise sanitaire,2021-06-04,https://blog.insee.fr/epicov-cinq-questions-sur-une-enquete-inedite-a-propos-de-la-crise-sanitaire/,insee_blog,Blog de l'Insee,"Pour mesurer la dynamique de propagation de l’épidémie du Covid 19 et son impact sur les conditions de vie de la population, l’Inserm et la Drees, avec l’appui de l’Insee et de Santé publique France, ont créé de toutes pièces une enquête ad hoc intitulée EpiCov. Innovante à plusieurs titres, celle-ci a notamment combiné la réponse à un questionnaire et un auto-prélèvement sanguin en vue d’un test sérologique. Quel est l’apport de l’Insee à EpiCov ?",,insee_blog_42
Comment s’est réparti le coût macroéconomique de la crise sanitaire ?,2021-05-28,https://blog.insee.fr/comment-sest-reparti-le-cout-macroeconomique-de-la-crise-sanitaire/,insee_blog,Blog de l'Insee,La crise sanitaire semble rebattre les cartes de l’économie. La publication par l’Insee des comptes de la Nation est l’occasion de revenir sur les grandes évolutions de l’an passé et d’éclairer des questions très présentes dans la discussion publique : quelle a été la perte de revenu national entraînée par la pandémie et qui a porté celle-ci ?,,insee_blog_41
Pourquoi le chômage n’a-t-il pas augmenté avec la crise en 2020 ?,2021-05-18,https://blog.insee.fr/pourquoi-le-chomage-na-t-il-pas-augmente-avec-la-crise-en-2020/,insee_blog,Blog de l'Insee,"Fin 2020, le taux de chômage en France (hors Mayotte) s’est établi à 8,0 %. Soit quasiment son niveau d’avant-crise un an auparavant, lequel était le plus bas depuis fin 2008. En pleine crise sanitaire et économique, comment expliquer que le chômage n’ait pas augmenté  ? Comment l’Insee mesure-t-il concrètement le nombre de chômeurs ?",,insee_blog_40
Crise sanitaire : une approche complémentaire sur l’activité des entreprises,2021-04-20,https://blog.insee.fr/crise-sanitaire-une-approche-complementaire-sur-lactivite-des-entreprises/,insee_blog,Blog de l'Insee,"De mars à décembre 2020, la crise sanitaire a fortement affecté l’activité des entreprises : leur chiffre d’affaires a subi un choc estimé à plus de 15 % en moyenne sur cette période, par rapport à la situation simulée qui aurait prévalu en l’absence de crise. Analyser les données individuelles d’entreprises fait ressortir à la fois la disparité du choc selon les secteurs, certains ayant été très affectés, mais aussi la variété des trajectoires/situations d’entreprises, certaines étant parvenues à limiter la baisse de leur activité.",,insee_blog_39
Connaître les personnes sans domicile est encore plus important que les dénombrer,2021-04-13,https://blog.insee.fr/connaitre-les-personnes-sans-domicile-est-encore-plus-important-que-les-denombrer/,insee_blog,Blog de l'Insee,"Dénombrer les personnes sans domicile suppose de traiter de nombreux problèmes méthodologiques : définir ceux qui relèvent de cette condition, identifier les lieux à enquêter pour éviter des oublis, agir vite pour limiter les doubles-comptes, mobiliser beaucoup d’acteurs, quadriller méthodiquement le territoire, etc.",,insee_blog_38
"Impôts, prestations sociales, services publics : qui paie quoi et qui bénéficie de combien ?",2021-04-02,https://blog.insee.fr/impots-prestations-sociales-services-publics-qui-paie-quoi-et-qui-beneficie-de-combien/,insee_blog,Blog de l'Insee,Bien mesurer l’impact de la redistribution des revenus est essentiel pour porter un diagnostic pertinent sur les inégalités. L’Insee vient de publier un rapport collectif d’experts à ce sujet. Les transferts publics en jeu dans la redistribution prennent la forme…,,insee_blog_37
Impact de la crise sanitaire sur les entreprises : une enquête en un temps record,2021-03-08,https://blog.insee.fr/impact-de-la-crise-sanitaire-sur-les-entreprises-une-enquete-en-un-temps-record/,insee_blog,Blog de l'Insee,"Le premier confinement aura coûté aux entreprises françaises 3 % de leur chiffre d’affaires pour acheter des masques, du gel hydroalcoolique et d’autres fournitures. Pour obtenir ce résultat et mesurer les autres impacts de la crise sanitaire sur l’activité et…",,insee_blog_36
Covid et mortalité en Europe en 2020 : des statistiques à regarder de près,2021-02-15,https://blog.insee.fr/covid-et-mortalite-en-europe-en-2020-des-statistiques-a-regarder-de-pres/,insee_blog,Blog de l'Insee,"En France, le nombre de décès en 2020 s’est accru de 9 % par rapport à l’année précédente, selon les statistiques publiées par l’Insee mi-janvier. Et en Europe ? La situation est très contrastée, tant sur la hausse de la mortalité que…",,insee_blog_35
Handicap et autonomie : des enjeux d’inclusion… y compris dans les statistiques,2021-02-11,https://blog.insee.fr/handicap-et-autonomie-des-enjeux-dinclusion-y-compris-dans-les-statistiques/,insee_blog,Blog de l'Insee,"L’observation statistique du handicap et de l’autonomie repose en premier lieu sur les enquêtes spécifiquement dédiées, complètes mais menées tous les 10 ans environ. Les nouvelles enquêtes de cette série, constituant le dispositif « Autonomie », ont débuté fin janvier 2021. L’observation…",,insee_blog_34
Hausses et baisses de la TVA : quels effets sur la redistribution et les inégalités de niveau de vie ?,2021-01-27,https://blog.insee.fr/hausses-et-baisses-de-la-tva-quels-effets-sur-la-redistribution-et-les-inegalites-de-niveau-de-vie/,insee_blog,Blog de l'Insee,"À court et moyen terme, une hausse de la TVA est supportée par les ménages modestes et augmente les inégalités. Pour autant, baisser la TVA resterait peu efficace pour réduire les inégalités, car il n’est pas certain que cette baisse…",,insee_blog_33
Ma région ? C’est l’Essentiel !,2021-01-12,https://blog.insee.fr/ma-region-cest-lessentiel/,insee_blog,Blog de l'Insee,"La nouvelle carte régionale de la France fête son cinquième anniversaire. Pour rendre compte au mieux de la spécificité de chacune des 18 régions qui la composent, l’Insee en a réalisé une présentation simple mais néanmoins détaillée. Suivez le guide…",,insee_blog_32
Évaluer l’impact de l’immobilier sur les niveaux de vie : les principaux éléments du débat,2021-01-07,https://blog.insee.fr/evaluer-limpact-de-limmobilier-sur-les-niveaux-de-vie-les-principaux-elements-du-debat/,insee_blog,Blog de l'Insee,La prise en compte du prix du logement dans la mesure du niveau de vie est un sujet de polémiques et d’incompréhensions récurrentes. La mesure usuelle des prix et des niveaux de vie intègre beaucoup d’aspects de la dépense de…,,insee_blog_31
Google en sait-il plus que l’Insee sur les Français ?,2020-12-18,https://blog.insee.fr/google-en-sait-il-plus-que-linsee-sur-les-francais/,insee_blog,Blog de l'Insee,"Les grandes entreprises numériques, dont Google, recueillent des volumes considérables de données sur leurs clients. Ces nouvelles sources de données présentent des attraits indéniables, et viennent défier la statistique publique. L’Insee peut et doit naturellement tirer avantage des possibilités qu’elles…",,insee_blog_30
Délinquance enregistrée par la police et la gendarmerie et enquête statistique de victimation : deux outils indissociables pour mesurer une même réalité,2020-12-09,https://blog.insee.fr/delinquance-enregistree-par-la-police-et-la-gendarmerie-et-enquete-statistique-de-victimation-deux-outils-indissociables-pour-mesurer-une-meme-realite/,insee_blog,Blog de l'Insee,"Mesurer la délinquance et les phénomènes criminels affectant des victimes, c’est-à-dire la victimation, est une entreprise délicate, sujette à de nombreux débats. Préciser les périmètres et les concepts, définir les indicateurs pertinents est d’autant plus indispensable que les enjeux politiques…",,insee_blog_29
Évaluation des effets redistributifs des réformes socio-fiscales : comment s’y retrouver ?,2020-12-03,https://blog.insee.fr/evaluation-des-effets-redistributifs-des-reformes-socio-fiscales-comment-sy-retrouver/,insee_blog,Blog de l'Insee,"L’évaluation de l’effet des réformes fiscales et sociales suscite l’attention médiatique, que les publications proviennent de l’Insee ou d’organismes tels que l’Institut des politiques publiques (IPP) ou l’Observatoire français des conjonctures économiques (OFCE). Mais ces travaux présentent parfois des résultats…",,insee_blog_28
Suivre la conjoncture lorsque les entreprises répondent moins aux enquêtes,2020-11-27,https://blog.insee.fr/suivre-la-conjoncture-lorsque-les-entreprises-repondent-moins-aux-enquetes/,insee_blog,Blog de l'Insee,"Pendant le premier confinement, un nombre inhabituellement élevé d’entreprises a cessé de répondre aux enquêtes. En temps « normal », le statisticien sait faire face aux non-réponses. Il impute à l’entreprise qui n’a pas répondu les résultats d’une entreprise comparable (taille, activité)…",,insee_blog_27
"Santé, éducation, services administratifs :la difficile mesure des activités non marchandes en temps de crise sanitaire",2020-11-27,https://blog.insee.fr/sante-education-services-administratifs-la-difficile-mesure-des-activites-non-marchandes-en-temps-de-crise-sanitaire/,insee_blog,Blog de l'Insee,"Pour mesurer la baisse d’activité liée à la crise sanitaire, les comptables trimestriels et plus largement l’ensemble des statisticiens produisant des indicateurs conjoncturels ont dû rapidement adapter leurs méthodes et recourir à des données nouvelles lorsque la collecte des données…",,insee_blog_26
Comment mesurer les inégalités de revenus ?,2020-11-23,https://blog.insee.fr/comment-mesurer-les-inegalites-de-revenus/,insee_blog,Blog de l'Insee,"Programmé cet automne, le Printemps de l’économie avait pour sous-titre : « Quels combats pour un monde plus solidaire ? » Une interrogation mêlant tout à la fois optimisme, dans la volonté de renforcer les solidarités, et réalisme, sur l’état de nos sociétés. Un…",,insee_blog_25
Comment le télétravail affecte-t-il  la productivité des entreprises ?Les enseignements très partiels de la littérature,2020-10-23,https://blog.insee.fr/comment-le-teletravail-affecte-t-il-la-productivite-des-entreprises-les-enseignements-tres-partiels-de-la-litterature/,insee_blog,Blog de l'Insee,L’une des questions que pose le chiffrement de l’activité en cette année de crise est celle des effets du télétravail. Peut-on considérer que les heures télétravaillées du fait de l’épidémie ont généré un même montant de production que les heures…,,insee_blog_24
"Autour et au-delà du PIB : nouvelles questions pour la comptabilité nationale, nouvelles pistes de réponse",2020-10-08,https://blog.insee.fr/autour-et-au-dela-du-pib-nouvelles-questions-pour-la-comptabilite-nationale-nouvelles-pistes-de-reponse-2/,insee_blog,Blog de l'Insee,"Deux articles de ce blog ont déjà abordé la question de savoir comment lire et faire parler le PIB, en période de croissance « normale » comme dans le contexte totalement inédit de la crise en cours. Trois nouvelles publications de l’Insee…",,insee_blog_23
"Coiffeurs, avocats, chauffeurs VTC, exploitants agricoles…Un même statut d’indépendant, des réalités économiques et sociales disparates",2020-09-25,https://blog.insee.fr/coiffeurs-avocats-chauffeurs-vtc-exploitants-agricoles-un-meme-statut-dindependant-des-realites-economiques-et-sociales-disparates/,insee_blog,Blog de l'Insee,"Ils sont avocats, chauffeurs VTC, coiffeurs, exploitants agricoles, médecins, restaurateurs… Ils ont en commun d’exercer une activité non salariée, parfois en complément d’une activité salariée, d’être en moyenne plus âgés que les salariés et d’être plus souvent des hommes. Leur…",,insee_blog_22
La diffusion en accès libre et gratuit des données : l’exemple du répertoire Sirene,2020-09-16,https://blog.insee.fr/la-diffusion-en-acces-libre-et-gratuit-des-donnees-lexemple-des-donnees-dentreprise-du-repertoire-sirene/,insee_blog,Blog de l'Insee,"Dès 2003, l’Insee a fait le choix de l’open data en prenant la décision d’ouvrir l’accès sur son site internet à toutes les données qu’il produit, ainsi que ses publications. La mise à disposition de l’interface de programmation ou API…",,insee_blog_21
Quitter Paris pour la campagne…Un rêve de citadin mais pas (encore ?) une réalité statistique,2020-08-31,https://blog.insee.fr/quitter-paris-pour-la-campagne-un-reve-de-citadin-mais-pas-encore-une-realite-statistique/,insee_blog,Blog de l'Insee,"Au cours de l’année 2017, 128 000 personnes ont déménagé de la capitale (pendant que 95 000 s’y installaient). Tout récemment, 200 000 Parisiens sont partis de leur ville à l’occasion du confinement. Quitter Paris pour la campagne, rêve de citadin, n’est pourtant…",,insee_blog_20
"Oui, la statistique publique produit des statistiques éthniques ! Panorama d’une pratique ancienne, encadrée et évolutive",2020-07-31,https://blog.insee.fr/statistique-publique-produit-des-statistiques-ethniques/,insee_blog,Blog de l'Insee,"Les statistiques ethniques font débat en France. Certains pensent qu’on n’en fait pas, d’autres pas assez, d’autres encore pas les bonnes. Les premiers se trompent : la statistique publique produit, depuis déjà longtemps, un large spectre de données qui servent…",,insee_blog_19
Nouvelles données pour suivre la conjoncture économique pendant la crise sanitaire : quelles avancées ? Quelles suites ?,2020-07-28,https://blog.insee.fr/nouvelles-donnees-pour-suivre-la-conjoncture-economique-pendant-la-crise-sanitaire-quelles-avancees-quelles-suites/,insee_blog,Blog de l'Insee,"Transactions par carte bancaire, données de caisse, activations des réseaux de téléphonie mobile, consommation d’électricité, requêtes sur les moteurs de recherche… : les nouvelles sources de données massives et à haute fréquence issues de l’économie numérique ont-elles vocation à supplanter les…",,insee_blog_18
Les interactions au sein de l’économie  à la loupe : le modèle Avionic,2020-07-23,https://blog.insee.fr/les-interactions-au-sein-de-leconomie-a-la-loupe-le-modele-avionic/,insee_blog,Blog de l'Insee,"L’Insee vient de mettre en ligne le code de son modèle Avionic. Outil d’analyse des interdépendances sectorielles nationales et internationales, il est fondé sur le tableau entrées-sorties des comptes nationaux. Ces interdépendances vont jouer un grand rôle dans la dynamique…",,insee_blog_17
"– X % de quoi ? Quelle mesure de l’activité pendant la crise, quelle(s) mesure(s) pour l’après-crise",2020-07-17,https://blog.insee.fr/x-de-quoi-quelle-mesure-de-lactivite-pendant-la-crise-quelles-mesures-pour-lapres-crise/,insee_blog,Blog de l'Insee,"La crise sanitaire a constitué un choc sans précédent pour l’activité économique, qu’on peut voir sous deux angles : des pertes de revenu et la crainte de destructions d’emplois pour le court et le moyen terme ; mais aussi la…",,insee_blog_16
Statistiques sur les décès : le mode d’emploi des données de l’Insee en 7 questions/réponses,2020-05-14,https://blog.insee.fr/statistiques-sur-les-deces-le-mode-demploi-des-donnees-de-linsee-en-7-questions-reponses/,insee_blog,Blog de l'Insee,"À l’heure des premiers bilans statistiques sur l’impact du Covid, les données de l’Insee sur la mortalité sont très largement utilisées. Les observateurs se posent parfois des questions sur leur fiabilité, leur bon usage et leurs limites, leur cohérence avec…",,insee_blog_15
Official Statistics and the Challengeof the Current Health Crisis,2020-05-14,https://blog.insee.fr/official-statistics-and-the-challenge-of-the-current-health-crisis/,insee_blog,Blog de l'Insee,"The last few weeks have shown that the need for statistics has not disappeared with the current health crisis – quite the contrary, in fact. They have also shown that the official statistical system needed to be able to respond…",,insee_blog_14
La statistique publique à l’épreuve de la crise sanitaire,2020-05-06,https://blog.insee.fr/la-statistique-publique-a-lepreuve-de-la-crise-sanitaire/,insee_blog,Blog de l'Insee,"Les dernières semaines ont montré que le besoin de statistiques ne s’effaçait pas avec la crise sanitaire, bien au contraire ; elles ont aussi montré que le système statistique public devait et pouvait réagir rapidement et faire face à de nouveaux…",,insee_blog_13
Que peut faire l’Insee à partir des données de téléphonie mobile ?Mesure de population présente en temps de confinement et statistiques expérimentales,2020-04-15,https://blog.insee.fr/que-peut-faire-linsee-a-partir-des-donnees-de-telephonie-mobile-mesure-de-population-presente-en-temps-de-confinement-et-statistiques-experimentales/,insee_blog,Blog de l'Insee,Savoir comment se répartit effectivement la population sur le territoire est essentiel pour organiser la réponse sanitaire et sociale face à l’épidémie de coronavirus. L’Insee a diffusé le 8 avril de premiers résultats de population présente en métropole. Il a…,,insee_blog_12
Mourir de la grippe ou du coronavirus : faire parler les chiffres de décès publiés par l’Insee… avec discernement,2020-04-07,https://blog.insee.fr/mourir-de-la-grippe-ou-du-coronavirus-faire-parler-les-chiffres-de-deces-publies-par-linsee-avec-discernement/,insee_blog,Blog de l'Insee,Les données sur les décès par département que l’Insee diffuse exceptionnellement depuis le vendredi 27 mars concourent à estimer la surmortalité dans notre pays. C’est à partir de cette surmortalité que les experts évaluent l’impact des épidémies de grippe. Pour…,,insee_blog_11
Pouvoir d’achat et inégalités : les chiffres et le ressenti sont-ils aussi divergents qu’on le dit ?,2020-03-30,https://blog.insee.fr/pouvoir-dachat-et-inegalites-les-chiffres-et-le-ressenti-sont-ils-aussi-divergents-quon-le-dit/,insee_blog,Blog de l'Insee,"La mesure et le ressenti du niveau de vie et des inégalités sont-ils aussi différents et irréconciliables qu’on l’entend souvent dire ? Inégalités contenues dans un contexte de croissance certes faible mais toujours positive vu du côté des chiffres, recul du…",,insee_blog_10
"L’égalité professionnelle entre les femmes et les hommes ne se résume pas à la formule : « à travail égal, salaire égal »",2020-03-09,https://blog.insee.fr/egalite-pro-f-h-pas-a-travail-egal-salaire-egal/,insee_blog,Blog de l'Insee,"Depuis le 1er mars, toutes les entreprises de plus de 50 salariés doivent publier leur Index de l’égalité professionnelle entre les femmes et les hommes. En cette journée internationale des droits des femmes, beaucoup de chiffres sont fournis sur les…",,insee_blog_9
Le vin fait pencher la balance agricole,2020-02-28,https://blog.insee.fr/le-vin-fait-pencher-la-balance-agricole/,insee_blog,Blog de l'Insee,"À l’heure du salon international de l’agriculture, grand rendez-vous annuel du savoir-faire de nos terroirs, penchons-nous sur l’un des produits phare qui participe à l’image de notre pays : le vin ! Que pèse la production de vin dans la production agricole…",,insee_blog_8
« Le recensement… et moi ? »,2020-02-21,https://blog.insee.fr/le-recensement-et-moi/,insee_blog,Blog de l'Insee,"Vous vous étonnez de ne pas avoir été recensé ces dernières années ? C’est possible, car l’enquête de recensement est réalisée de manière « tournante » dans les différentes communes. Lorsque vous serez concerné, vous verrez alors que le recensement de la population,…",,insee_blog_7
Recul inattendu du PIB français au dernier trimestre 2019 : les grèves n’expliquent sans doute pas tout,2020-02-19,https://blog.insee.fr/recul-inattendu-du-pib-francais-4eme-trimestre-2019/,insee_blog,Blog de l'Insee,"Au quatrième trimestre 2019, le produit intérieur brut (PIB) français a marqué le pas de façon inattendue (– 0,1 % en première estimation). En particulier, la production manufacturière a chuté en décembre. Mais cette chute n’est pas propre à la…",,insee_blog_6
Chômage : les Français mentent-ils aux Français?,2020-02-13,https://blog.insee.fr/chomage-les-francais-mentent-ils-aux-francais/,insee_blog,Blog de l'Insee,"La parution des résultats de l’enquête Emploi aujourd’hui, qui donnent une estimation du chômage au sens du BIT au 4e trimestre 2019, a suscité de nombreuses réactions. Certaines d’entre elles, en mettant ces résultats en regard avec le nombre de…",,insee_blog_5
La comptabilité nationale face aux défis du numérique et de la mondialisation : comment continuer à bien faire parler le PIB ?,2020-02-12,https://blog.insee.fr/comptabilite-nationale-numerique-mondialisation-pib/,insee_blog,Blog de l'Insee,"Il y a un peu plus de dix ans qu’a été rendu le rapport de la commission sur la mesure de la performance économique et du progrès social, plus connue du nom de ses trois co-présidents : Joseph Stiglitz, Amartya Sen…",,insee_blog_4
La productivité des entreprises ralentit : essoufflement des leaders ou décrochage du peloton ?,2020-02-06,https://blog.insee.fr/la-productivite-des-entreprises-ralentit-essoufflement-des-leaders-ou-decrochage-du-peloton/,insee_blog,Blog de l'Insee,"À l’heure du salon des entrepreneurs qui se tient à Paris les 5 et 6 février, quel diagnostic formuler sur le ralentissement global de la productivité des entreprises ? La course ralentit-elle parce que les coureurs de tête vont moins…",,insee_blog_3
"Mais si, l’Insee prend bien en compte le logement dans l’inflation !",2020-02-04,https://blog.insee.fr/mais-si-linsee-prend-bien-en-compte-le-logement-dans-linflation-et-au-bon-niveau/,insee_blog,Blog de l'Insee,"La mesure de l’inflation par l’Insee vient à nouveau d’être remise en cause dans l’espace médiatique à l’occasion de la publication d’un livre d’Emmanuel Todd, La lutte des classes en France au XXIe siècle. La critique porte notamment sur la…",,insee_blog_2
Les soldes : toujours un accélérateur des ventes ?,2020-01-20,https://blog.insee.fr/les-soldes-toujours-un-accelerateur-des-ventes/,insee_blog,Blog de l'Insee,Les périodes de promotion se suivent mais se ressemblent-elles ? Quel est leur poids dans la consommation totale de l’année ? On peut se poser la question quand les ventes privées précèdent les soldes qui s’inscrivent parmi d’autres jours exceptionnels tel…,,insee_blog_1
